Problem	Population Size	Generations	Step Size	Elites	Mutations	Crossovers	First	Best	Fitness	Crossover Points	Runtime (ms)
Rastrigin	100	50	1	0	30	25	f(-5, -5) = 50	f(-0.054731246530648425, -0.022029998153979102) = 0.6846121664827702	59.36084399104497	1	1.7231
Rastrigin	100	50	1	0	30	25	f(-5, -5) = 50	f(-1.0134247182738494, -0.0001769945907104109) = 1.0625893933794757	48.48274713376361	1	17.5989
Booth	100	50	1	0	30	25	f(-5, -5) = 884	f(0.9822526488349581, 3.0125274963944824) = 0.0005808941745920147	99.9419443067548	1	2.3651
Booth	100	50	1	0	30	25	f(-5, -5) = 884	f(1.1165586339825526, 2.8488571044427893) = 0.0412143746279539	96.04170134102495	1	7.9714
Levi	100	50	1	0	30	25	f(-5, -5) = 36.0000000000001	f(-5, -1.3330346290351591) = 0.09662205115735743	91.18912016629758	1	2.2767
Levi	100	50	1	0	30	25	f(-5, -5) = 36.0000000000001	f(-3.2814578290509107, -4.321778633436054) = 0.7202653305616133	58.13056754875895	1	7.9885
